{
    "code": "gothlamp",
    "storageFlags": 257,
    "creativeinventory": { "general": ["*-north"], "decorative": ["*-north"], "decorbazaar": ["*-north"] },
    "behaviors": [{ "name": "HorizontalOrientable" }],
    "variantgroups": [{ "code": "side", "loadFromProperties": "abstract/horizontalorientation" }],
    "shape": {
        "base": "block/lamps/gothlamp",
        "rotateYByType": {
            "*-north": 0,
            "*-east": 270,
            "*-south": 180,
            "*-west": 90
        }
    },
    "blockmaterial": "Metal",
    "sidesolid": {
        "all": "false"
    },
    "sideopaque": {
        "all": "false"
    },
    "drawtype": "json",
"textures": {
		"0": { "base": "block/bazaar/fabric/blackleather" },
		"1": { "base": "block/bazaar/stone/basaltwgrey" },
		"2": { "base": "block/bazaar/fabric/redlamp" },
		"3": { "base": "block/bazaar/fabric/redlamppattern" },
		"4": { "base": "game:block/candle" }
	},
    "resistance": 1.0,
    "lightAbsorption": 0,
    "lightHsv": [7, 3, 18],
    "sounds": {
        "place": "game:block/planks",
        "walk": "game:walk/stone"
    },
	collisionBox: { x1: 0.3125, y1: 0, z1: 0.25, x2: 0.6875, y2: 1, z2: 0.75 },
	selectionBox: { x1: 0.3125, y1: 0, z1: 0.25, x2: 0.6875, y2: 1, z2: 0.75 },
	guiTransform: {
		rotation: { x: -22.6, y: 147, z: 0 }
	}
}