{
    "code": "sofa",
    "creativeinventory": { "general": ["*-north"], "decorative": ["*-north"], "decorbazaar": ["*-north"] },
    "behaviors": [{ "name": "HorizontalOrientable" }],
"attributes": {
		"handbook": { groupBy: ["sofa-*"] }
},
    "variantgroups": [
        {
            "code": "color",
            "states": [
                "blue",
                "green",
                "plain",
                "red",
                "white"
            ]
        },
        {
            "code": "side",
            "loadFromProperties": "abstract/horizontalorientation"
        }
    ],
shapeByType: {

         "*-north": { base: "block/seating/sofa", rotateY: 0 },
         "*-east": { base: "block/seating/sofa", rotateY: 270 },
         "*-south": { base: "block/seating/sofa", rotateY: 180 },
         "*-west": { base: "block/seating/sofa", rotateY: 90 }
     },
    "blockmaterial": "wood",
  "lightAbsorption": 0,
    "sidesolid": {
        "all": "false"
    },
    "sideopaque": {
        "all": "false"
    },
    "drawtype": "json",
    "texturesByType": {
        "*": {
            "color": {
                "base": "block/bazaar/fabric/sofa/{color}"
            }
        }
    },
    "resistance": 3.5,
	collisionBox: { x1: 0, y1: 0, z1: 0.125, x2: 1, y2: 0.4375, z2: 0.9375 },
	selectionBox: { x1: 0, y1: 0, z1: 0.125, x2: 1, y2: 0.4375, z2: 0.9375 },
	guiTransform: {
		rotation: { x: -22.6, y: 138, z: 0 }
	},
    "sounds": {
        "place": "game:block/planks",
        "walk": "game:walk/stone"
    }
}	