{
	"editor": {
		"allAngles": false,
		"entityTextureMode": false
	},
	"textureWidth": 32,
	"textureHeight": 32,
	"textureSizes": {
		"0": [32,32],
		"1": [32,32],
		"2": [32,32],
		"3": [32,32]
	},
	"textures": {
		"wood": "game:block/wood/planks/purpleheart1",
		"1": "game:block/wood/planks/walnut1"
	},
	"elements": [
		{
			"name": "cube",
			"from": [ 0.0, 1.0, 0.0 ],
			"to": [ 16.0, 15.0, 14.0 ],
			"rotationOrigin": [ 8.0, 0.0, 8.0 ],
			"faces": {
				"north": { "texture": "#wood", "uv": [ 0.0, 0.0, 30.0, 30.0 ], "autoUv": false },
				"east": { "texture": "#wood", "uv": [ 0.0, 0.0, 30.0, 30.0 ], "autoUv": false },
				"south": { "texture": "#wood", "uv": [ 0.0, 0.0, 30.0, 30.0 ], "autoUv": false },
				"west": { "texture": "#wood", "uv": [ 0.0, 0.0, 30.0, 30.0 ], "autoUv": false },
				"up": { "texture": "#wood", "uv": [ 0.0, 0.0, 30.0, 30.0 ], "autoUv": false },
				"down": { "texture": "#wood", "uv": [ 0.0, 0.0, 30.0, 30.0 ], "autoUv": false }
			}
		},
		{
			"name": "cube",
			"from": [ 0.0, 1.0, 14.0 ],
			"to": [ 14.0, 15.0, 16.0 ],
			"rotationOrigin": [ 8.0, 0.0, 8.0 ],
			"faces": {
				"north": { "texture": "#wood", "uv": [ 0.0, 0.0, 30.0, 30.0 ], "autoUv": false },
				"east": { "texture": "#wood", "uv": [ 0.0, 0.0, 5.0, 30.0 ], "autoUv": false },
				"south": { "texture": "#wood", "uv": [ 0.0, 0.0, 30.0, 30.0 ], "autoUv": false },
				"west": { "texture": "#wood", "uv": [ 0.0, 0.0, 5.0, 30.0 ], "autoUv": false },
				"up": { "texture": "#wood", "uv": [ 0.0, 0.0, 30.0, 4.0 ], "autoUv": false },
				"down": { "texture": "#wood", "uv": [ 0.0, 0.0, 30.0, 4.0 ], "autoUv": false }
			}
		},
		{
			"name": "cube",
			"from": [ 0.0, 0.0, 0.0 ],
			"to": [ 16.0, 1.0, 16.0 ],
			"rotationOrigin": [ 8.0, 0.0, 8.0 ],
			"faces": {
				"north": { "texture": "#1", "uv": [ 0.0, 1.0, 32.0, 4.0 ], "autoUv": false },
				"east": { "texture": "#1", "uv": [ 0.0, 1.0, 32.0, 4.0 ], "autoUv": false },
				"south": { "texture": "#1", "uv": [ 0.0, 1.0, 32.0, 4.0 ], "autoUv": false },
				"west": { "texture": "#1", "uv": [ 0.0, 1.0, 32.0, 4.0 ], "autoUv": false },
				"up": { "texture": "#1", "uv": [ 0.0, 0.0, 32.0, 32.0 ], "autoUv": false },
				"down": { "texture": "#1", "uv": [ 0.0, 0.0, 32.0, 32.0 ], "autoUv": false }
			}
		},
		{
			"name": "cube",
			"from": [ 0.0, 15.0, 0.0 ],
			"to": [ 16.0, 16.0, 16.0 ],
			"rotationOrigin": [ 8.0, 0.0, 8.0 ],
			"faces": {
				"north": { "texture": "#1", "uv": [ 0.0, 1.0, 32.0, 4.0 ], "autoUv": false },
				"east": { "texture": "#1", "uv": [ 0.0, 1.0, 32.0, 4.0 ], "autoUv": false },
				"south": { "texture": "#1", "uv": [ 0.0, 1.0, 32.0, 4.0 ], "autoUv": false },
				"west": { "texture": "#1", "uv": [ 0.0, 1.0, 32.0, 4.0 ], "autoUv": false },
				"up": { "texture": "#1", "uv": [ 0.0, 0.0, 32.0, 32.0 ], "autoUv": false },
				"down": { "texture": "#1", "uv": [ 0.0, 0.0, 32.0, 32.0 ], "autoUv": false }
			}
		}
	]}