{
	"editor": {
		"allAngles": false,
		"entityTextureMode": false
	},
	"textureWidth": 32,
	"textureHeight": 32,
	"textureSizes": {
		"metal": [32,32],
		"stone": [32,32],
		"rock": [32,32],
		"wood": [32,32]
	},
	"textures": {
		"wood": "block/bazaar/wood/cabinets/baldcypresscabinet",
		"metal": "game:block/metal/ingot/brass",
		"stone": "game:block/stone/agedbrick/conglomerate1",
		"rock": "game:block/stone/polishedrock/limestone"
	},
	"elements": [
		{
			"name": "cube0",
			"from": [ 0.0, 0.0, 4.0 ],
			"to": [ 16.0, 14.0, 15.0 ],
			"rotationOrigin": [ 8.0, 0.0, 8.0 ],
			"faces": {
				"north": { "texture": "#stone", "uv": [ 0.0, 0.0, 30.0, 30.0 ], "autoUv": false },
				"east": { "texture": "#stone", "uv": [ 0.0, 0.0, 25.0, 30.0 ], "autoUv": false },
				"south": { "texture": "#stone", "uv": [ 0.0, 0.0, 30.0, 30.0 ], "autoUv": false },
				"west": { "texture": "#stone", "uv": [ 0.0, 0.0, 25.0, 30.0 ], "autoUv": false },
				"up": { "texture": "#stone", "uv": [ 0.0, 0.0, 30.0, 30.0 ], "autoUv": false },
				"down": { "texture": "#stone", "uv": [ 0.0, 0.0, 30.0, 30.0 ], "autoUv": false }
			}
		},
		{
			"name": "cube1",
			"from": [ 0.0, 14.0, 0.0 ],
			"to": [ 16.0, 16.0, 16.0 ],
			"rotationOrigin": [ 8.0, 0.0, 8.0 ],
			"faces": {
				"north": { "texture": "#rock", "uv": [ 0.0, 0.0, 30.0, 5.0 ], "autoUv": false },
				"east": { "texture": "#rock", "uv": [ 0.0, 0.0, 30.0, 5.0 ], "autoUv": false },
				"south": { "texture": "#rock", "uv": [ 0.0, 0.0, 30.0, 5.0 ], "autoUv": false },
				"west": { "texture": "#rock", "uv": [ 0.0, 0.0, 30.0, 5.0 ], "autoUv": false },
				"up": { "texture": "#rock", "uv": [ 0.0, 0.0, 30.0, 30.0 ], "autoUv": false },
				"down": { "texture": "#rock", "uv": [ 0.0, 0.0, 30.0, 30.0 ], "autoUv": false }
			}
		},
		{
			"name": "cube2",
			"from": [ 2.0, 2.0, 15.0 ],
			"to": [ 7.5, 13.0, 16.0 ],
			"rotationOrigin": [ 8.0, 0.0, 8.0 ],
			"faces": {
				"north": { "texture": "#wood", "uv": [ 16.0, 1.0, 30.0, 10.0 ], "rotation": 90, "autoUv": false },
				"east": { "texture": "#wood", "uv": [ 16.0, 1.0, 19.0, 10.0 ], "autoUv": false },
				"south": { "texture": "#wood", "uv": [ 2.0, 16.0, 30.0, 30.0 ], "rotation": 90, "autoUv": false },
				"west": { "texture": "#wood", "uv": [ 16.0, 1.0, 19.0, 10.0 ], "autoUv": false },
				"up": { "texture": "#wood", "uv": [ 16.0, 4.0, 30.0, 6.0 ], "autoUv": false },
				"down": { "texture": "#wood", "uv": [ 16.0, 1.0, 30.0, 3.0 ], "autoUv": false }
			}
		},
		{
			"name": "cube3",
			"from": [ 8.5, 2.0, 15.0 ],
			"to": [ 14.0, 13.0, 16.0 ],
			"rotationOrigin": [ 8.0, 0.0, 8.0 ],
			"faces": {
				"north": { "texture": "#wood", "uv": [ 16.0, 1.0, 30.0, 10.0 ], "rotation": 90, "autoUv": false },
				"east": { "texture": "#wood", "uv": [ 16.0, 1.0, 19.0, 10.0 ], "autoUv": false },
				"south": { "texture": "#wood", "uv": [ 2.0, 16.0, 30.0, 30.0 ], "rotation": 90, "autoUv": false },
				"west": { "texture": "#wood", "uv": [ 16.0, 1.0, 19.0, 10.0 ], "autoUv": false },
				"up": { "texture": "#wood", "uv": [ 16.0, 4.0, 30.0, 6.0 ], "autoUv": false },
				"down": { "texture": "#wood", "uv": [ 16.0, 1.0, 30.0, 3.0 ], "autoUv": false }
			}
		},
		{
			"name": "cube4",
			"from": [ 9.0, 7.0, 16.0 ],
			"to": [ 10.0, 9.0, 17.0 ],
			"rotationOrigin": [ 8.0, 0.0, 8.0 ],
			"faces": {
				"north": { "texture": "#metal", "uv": [ 0.0, 0.0, 5.0, 4.0 ], "autoUv": false },
				"east": { "texture": "#metal", "uv": [ 0.0, 0.0, 4.0, 4.0 ], "autoUv": false },
				"south": { "texture": "#metal", "uv": [ 0.0, 0.0, 5.0, 4.0 ], "autoUv": false },
				"west": { "texture": "#metal", "uv": [ 0.0, 0.0, 4.0, 4.0 ], "autoUv": false },
				"up": { "texture": "#metal", "uv": [ 0.0, 0.0, 5.0, 4.0 ], "autoUv": false },
				"down": { "texture": "#metal", "uv": [ 0.0, 0.0, 5.0, 4.0 ], "autoUv": false }
			}
		},
		{
			"name": "cube5",
			"from": [ 6.0, 7.0, 16.0 ],
			"to": [ 7.0, 9.0, 17.0 ],
			"rotationOrigin": [ 8.0, 0.0, 8.0 ],
			"faces": {
				"north": { "texture": "#metal", "uv": [ 0.0, 0.0, 5.0, 4.0 ], "autoUv": false },
				"east": { "texture": "#metal", "uv": [ 0.0, 0.0, 4.0, 4.0 ], "autoUv": false },
				"south": { "texture": "#metal", "uv": [ 0.0, 0.0, 5.0, 4.0 ], "autoUv": false },
				"west": { "texture": "#metal", "uv": [ 0.0, 0.0, 4.0, 4.0 ], "autoUv": false },
				"up": { "texture": "#metal", "uv": [ 0.0, 0.0, 5.0, 4.0 ], "autoUv": false },
				"down": { "texture": "#metal", "uv": [ 0.0, 0.0, 5.0, 4.0 ], "autoUv": false }
			}
		},
		{
			"name": "cube6",
			"from": [ 5.0, 9.0, 16.0 ],
			"to": [ 6.0, 10.0, 17.0 ],
			"rotationOrigin": [ 8.0, 0.0, 8.0 ],
			"faces": {
				"north": { "texture": "#metal", "uv": [ 0.0, 0.0, 5.0, 4.0 ], "autoUv": false },
				"east": { "texture": "#metal", "uv": [ 0.0, 0.0, 4.0, 4.0 ], "autoUv": false },
				"south": { "texture": "#metal", "uv": [ 0.0, 0.0, 5.0, 4.0 ], "autoUv": false },
				"west": { "texture": "#metal", "uv": [ 0.0, 0.0, 4.0, 4.0 ], "autoUv": false },
				"up": { "texture": "#metal", "uv": [ 0.0, 0.0, 5.0, 4.0 ], "autoUv": false },
				"down": { "texture": "#metal", "uv": [ 0.0, 0.0, 5.0, 4.0 ], "autoUv": false }
			}
		},
		{
			"name": "cube7",
			"from": [ 5.0, 6.0, 16.0 ],
			"to": [ 6.0, 7.0, 17.0 ],
			"rotationOrigin": [ 8.0, 0.0, 8.0 ],
			"faces": {
				"north": { "texture": "#metal", "uv": [ 0.0, 0.0, 5.0, 4.0 ], "autoUv": false },
				"east": { "texture": "#metal", "uv": [ 0.0, 0.0, 4.0, 4.0 ], "autoUv": false },
				"south": { "texture": "#metal", "uv": [ 0.0, 0.0, 5.0, 4.0 ], "autoUv": false },
				"west": { "texture": "#metal", "uv": [ 0.0, 0.0, 4.0, 4.0 ], "autoUv": false },
				"up": { "texture": "#metal", "uv": [ 0.0, 0.0, 5.0, 4.0 ], "autoUv": false },
				"down": { "texture": "#metal", "uv": [ 0.0, 0.0, 5.0, 4.0 ], "autoUv": false }
			}
		},
		{
			"name": "cube8",
			"from": [ 4.0, 10.0, 16.0 ],
			"to": [ 5.0, 12.0, 17.0 ],
			"rotationOrigin": [ 8.0, 0.0, 8.0 ],
			"faces": {
				"north": { "texture": "#metal", "uv": [ 0.0, 0.0, 5.0, 4.0 ], "autoUv": false },
				"east": { "texture": "#metal", "uv": [ 0.0, 0.0, 4.0, 4.0 ], "autoUv": false },
				"south": { "texture": "#metal", "uv": [ 0.0, 0.0, 5.0, 4.0 ], "autoUv": false },
				"west": { "texture": "#metal", "uv": [ 0.0, 0.0, 4.0, 4.0 ], "autoUv": false },
				"up": { "texture": "#metal", "uv": [ 0.0, 0.0, 5.0, 4.0 ], "autoUv": false },
				"down": { "texture": "#metal", "uv": [ 0.0, 0.0, 5.0, 4.0 ], "autoUv": false }
			}
		},
		{
			"name": "cube9",
			"from": [ 4.0, 4.0, 16.0 ],
			"to": [ 5.0, 6.0, 17.0 ],
			"rotationOrigin": [ 8.0, 0.0, 8.0 ],
			"faces": {
				"north": { "texture": "#metal", "uv": [ 0.0, 0.0, 5.0, 4.0 ], "autoUv": false },
				"east": { "texture": "#metal", "uv": [ 0.0, 0.0, 4.0, 4.0 ], "autoUv": false },
				"south": { "texture": "#metal", "uv": [ 0.0, 0.0, 5.0, 4.0 ], "autoUv": false },
				"west": { "texture": "#metal", "uv": [ 0.0, 0.0, 4.0, 4.0 ], "autoUv": false },
				"up": { "texture": "#metal", "uv": [ 0.0, 0.0, 5.0, 4.0 ], "autoUv": false },
				"down": { "texture": "#metal", "uv": [ 0.0, 0.0, 5.0, 4.0 ], "autoUv": false }
			}
		},
		{
			"name": "cube10",
			"from": [ 10.0, 6.0, 16.0 ],
			"to": [ 11.0, 7.0, 17.0 ],
			"rotationOrigin": [ 8.0, 0.0, 8.0 ],
			"faces": {
				"north": { "texture": "#metal", "uv": [ 0.0, 0.0, 5.0, 4.0 ], "autoUv": false },
				"east": { "texture": "#metal", "uv": [ 0.0, 0.0, 4.0, 4.0 ], "autoUv": false },
				"south": { "texture": "#metal", "uv": [ 0.0, 0.0, 5.0, 4.0 ], "autoUv": false },
				"west": { "texture": "#metal", "uv": [ 0.0, 0.0, 4.0, 4.0 ], "autoUv": false },
				"up": { "texture": "#metal", "uv": [ 0.0, 0.0, 5.0, 4.0 ], "autoUv": false },
				"down": { "texture": "#metal", "uv": [ 0.0, 0.0, 5.0, 4.0 ], "autoUv": false }
			}
		},
		{
			"name": "cube11",
			"from": [ 10.0, 9.0, 16.0 ],
			"to": [ 11.0, 10.0, 17.0 ],
			"rotationOrigin": [ 8.0, 0.0, 8.0 ],
			"faces": {
				"north": { "texture": "#metal", "uv": [ 0.0, 0.0, 5.0, 4.0 ], "autoUv": false },
				"east": { "texture": "#metal", "uv": [ 0.0, 0.0, 4.0, 4.0 ], "autoUv": false },
				"south": { "texture": "#metal", "uv": [ 0.0, 0.0, 5.0, 4.0 ], "autoUv": false },
				"west": { "texture": "#metal", "uv": [ 0.0, 0.0, 4.0, 4.0 ], "autoUv": false },
				"up": { "texture": "#metal", "uv": [ 0.0, 0.0, 5.0, 4.0 ], "autoUv": false },
				"down": { "texture": "#metal", "uv": [ 0.0, 0.0, 5.0, 4.0 ], "autoUv": false }
			}
		},
		{
			"name": "cube12",
			"from": [ 11.0, 10.0, 16.0 ],
			"to": [ 12.0, 12.0, 17.0 ],
			"rotationOrigin": [ 8.0, 0.0, 8.0 ],
			"faces": {
				"north": { "texture": "#metal", "uv": [ 0.0, 0.0, 5.0, 4.0 ], "autoUv": false },
				"east": { "texture": "#metal", "uv": [ 0.0, 0.0, 4.0, 4.0 ], "autoUv": false },
				"south": { "texture": "#metal", "uv": [ 0.0, 0.0, 5.0, 4.0 ], "autoUv": false },
				"west": { "texture": "#metal", "uv": [ 0.0, 0.0, 4.0, 4.0 ], "autoUv": false },
				"up": { "texture": "#metal", "uv": [ 0.0, 0.0, 5.0, 4.0 ], "autoUv": false },
				"down": { "texture": "#metal", "uv": [ 0.0, 0.0, 5.0, 4.0 ], "autoUv": false }
			}
		},
		{
			"name": "cube13",
			"from": [ 11.0, 4.0, 16.0 ],
			"to": [ 12.0, 6.0, 17.0 ],
			"rotationOrigin": [ 8.0, 0.0, 8.0 ],
			"faces": {
				"north": { "texture": "#metal", "uv": [ 0.0, 0.0, 5.0, 4.0 ], "autoUv": false },
				"east": { "texture": "#metal", "uv": [ 0.0, 0.0, 4.0, 4.0 ], "autoUv": false },
				"south": { "texture": "#metal", "uv": [ 0.0, 0.0, 5.0, 4.0 ], "autoUv": false },
				"west": { "texture": "#metal", "uv": [ 0.0, 0.0, 4.0, 4.0 ], "autoUv": false },
				"up": { "texture": "#metal", "uv": [ 0.0, 0.0, 5.0, 4.0 ], "autoUv": false },
				"down": { "texture": "#metal", "uv": [ 0.0, 0.0, 5.0, 4.0 ], "autoUv": false }
			}
		}
	]}