{
    "code": "vegstorage",
    "entityClass": "GenericTypedContainer",
    "creativeinventory": { "general": ["*-north"], "decorative": ["*-north"], "decorbazaar": ["*-north"] },
    "behaviors": [{ "name": "HorizontalOrientable" }, {name: "Container"}],
    "variantgroups": [
        {
            "code": "wood",
            "states": [
                "aged",
                "acacia",
                "baldcypress",
                "birch",
                "ebony",
                "kapok",
                "larch",
                "maple",
                "oak",
                "pine",
                "purpleheart",
                "redwood",
                "walnut"
            ]
        },
        {
            "code": "side",
            "loadFromProperties": "abstract/horizontalorientation"
        }
    ],
	"attributes": {
		"inventoryClassName": "chest",
		"dialogTitleLangCode": "Vegetable Storage",
		"defaultType": "normal",
		"types": ["normal"],
		"handbook": { "groupBy": ["vegstorage-*"] },
		"dialogTitleLangCode": {
			"normal": "vesselcontents",
		},
		"quantitySlots": {
			"normal": true,
			},
		"storageType": {
			"normal": 32
		},
		"retrieveOnly": {
			"normal": false
		},
		"drop": {
			"normal": true
			},
		"spoilSpeedMulByFoodCat": {
			"normal": {
				"vegetable": 0.1,
				"grain": 0.75
			}
		},
	},
shapeByType: {

         "*-north": { base: "block/kitchendecor/vegstorage", rotateY: 0 },
         "*-east": { base: "block/kitchendecor/vegstorage", rotateY: 270 },
         "*-south": { base: "block/kitchendecor/vegstorage", rotateY: 180 },
         "*-west": { base: "block/kitchendecor/vegstorage", rotateY: 90 }
     },
    "blockmaterial": "Wood",
  "lightAbsorption": 0,
    "sidesolid": {
        "all": "false"
    },
    "sideopaque": {
        "all": "false"
    },
    "drawtype": "json",
    "texturesByType": {
        "*": {
            "wood": {
                "base": "game:block/wood/planks/{wood}1"
            }
        }
    },
    "resistance": 1.0,
    "sounds": {
        "place": "game:block/planks",
        "walk": "game:walk/stone"
    },
	guiTransform: {
		rotation: { x: -22.6, y: 148, z: 0 }
	}
}
