{
    "code": "wallveg",
    "entityClass": "GenericTypedContainer",
    "creativeinventory": { "general": ["*-north"], "decorative": ["*-north"], "decorbazaar": ["*-north"] },
    "behaviors": [ {name: "HorizontalAttachable", properties: {  dropBlockFace: "east" }}, {name: "Container"}],
	attributes: {
		inventoryClassName: "chest",
		dialogTitleLangCode: "Wall Vegetable Storage",
		defaultType: "normal",
		types: ["normal"],
		dialogTitleLangCode: {
			"normal": "vesselcontents",
		},
		"quantitySlots": {
			"normal": true,
			},
		storageType: {
			"normal": 32
		},
		retrieveOnly: {
			"normal": false
		},
		drop: {
			"normal": true
			},
		spoilSpeedMulByFoodCat: {
			"normal": {
				"vegetable": 0.1,
				"grain": 0.75
			}
		},
},
    "variantgroups": [
		{ code:"type", states: ["normal"] },
		{ code:"side", loadFromProperties: "abstract/horizontalorientation" }
	],
    "shape": {
        "base": "block/kitchendecor/wallveg",
        "rotateYByType": {
            "*-north": 0,
            "*-east": 270,
            "*-south": 180,
            "*-west": 90
        }
    },
    "blockmaterial": "Stone",
  "lightAbsorption": 0,
    "sidesolid": {
        "all": "false"
    },
    "sideopaque": {
        "all": "false"
    },
    "drawtype": "json",
	"textures": {
		"bulb": { base: "game:block/plant/crop/carrot/bulb" },
		"s3": { base: "game:block/plant/crop/carrot/s2" },
		"item": { base: "game:block/plant/crop/turnip/bulb" },
		"e3": { base: "game:block/plant/crop/turnip/e1" },
		"s4": { base: "game:block/plant/crop/turnip/s1" },
		"oak1": { base: "game:block/wood/planks/oak1" },
		"rottenebony1": { base: "game:block/wood/planks/rottenebony1" },
		"bellpepper": { base: "game:item/food/vegetable/bellpepper" }
	},
    "resistance": 3.5,
    "sounds": {
        "place": "game:block/stone",
        "walk": "game:walk/stone"
    },
    "collisionBox": { 
			x1: -0.0625, y1: 0, z1: 0, x2: 1, y2: 1, z2: 0.5625,
			rotateYByType: {
			"*-east": 270,
			"*-west": 90,
			"*-south": 180
			}
},
    "selectionBox": { 
			x1: -0.0625, y1: 0, z1: 0, x2: 1, y2: 1, z2: 0.5625,
			rotateYByType: {
			"*-east": 270,
			"*-west": 90,
			"*-south": 180
			}
},
	guiTransform: {
		rotation: { x: -22.6, y: 147, z: 0 }
	},
}