{
    "code": "opencabinet",
    "creativeinventory": { "general": ["*-north"], "decorative": ["*-north"], "decorbazaar": ["*-north"] },
    "behaviors": [{ "name": "HorizontalOrientable" }],
    "variantgroups": [{ "code": "side", "loadFromProperties": "abstract/horizontalorientation" }],
    "shape": {
        "base": "block/cabinets/opencabinet",
        "rotateYByType": {
            "*-north": 0,
            "*-east": 270,
            "*-south": 180,
            "*-west": 90
        }
    },
    "blockmaterial": "stone",
  "lightAbsorption": 0,
    "sidesolid": {
        "all": "false"
    },
    "sideopaque": {
        "all": "false"
    },
    "drawtype": "json",
	"textures": {
		"lid": { "base": "game:block/clay/pot-lid" },
		"ceramic": { "base": "game:block/clay/pot-side" },
		"tallow": { "base": "game:block/clay/pot-tallow" },
		"smoky": { "base": "game:block/glass/smoky" },
		"oak1": { "base": "game:block/wood/planks/oak1" }
	},
    "resistance": 3.5,
    "sounds": {
        "place": "game:block/planks",
        "walk": "game:walk/stone"
    },
	guiTransform: {
		rotation: { x: -22.6, y: 144, z: 0 }
	}
}