{
    "code": "stoneshelf",
    "class": "BlockShelf",
    "entityClass": "Shelf",
    "creativeinventory": { "general": ["*-north"], "decorative": ["*-north"], "decorbazaar": ["*-north"] },
    "behaviors": [ {name: "HorizontalAttachable", properties: {  dropBlockFace: "east" }} ],
    "attributes": {
			"handbook": { groupBy: ["stoneshelf-*"] }
},
    "variantgroups": [
	        {
            "code": "stone",
            "states": [
				"andesite",
				"basalt",
				"bauxite",
				"chalk",
				"chert",
				"claystone",
				"conglomerate",
				"granite",
				"kimberlite",
				"limestone",
				"peridotite",
				"phyllite",
				"sandstone",
				"shale",
				"slate",
				"suevite"
            ]
        },
		{ code:"type", states: ["normal"] },
		{ code:"side", loadFromProperties: "abstract/horizontalorientation" }
	],
shapeByType: {

         "*-north": { base: "block/cabinets/stoneshelf", rotateY: 0 },
         "*-east": { base: "block/cabinets/stoneshelf", rotateY: 270 },
         "*-south": { base: "block/cabinets/stoneshelf", rotateY: 180 },
         "*-west": { base: "block/cabinets/stoneshelf", rotateY: 90 }
     },
    "blockmaterial": "Stone",
  "lightAbsorption": 0,
    "sidesolid": {
        "all": "false"
    },
    "sideopaque": {
        "all": "false"
    },
    "drawtype": "json",
    "texturesByType": {
        "*": {
            "stone": {
                "base": "game:block/stone/agedbrick/{stone}1"
            },
            "metal": {
                "base": "game:block/metal/ingot/brass"
            }
        }
    },
    "resistance": 3.5,
    "sounds": {
        "place": "game:block/stone",
        "walk": "game:walk/stone"
    },
	guiTransform: {
		rotation: { x: -22.6, y: 147, z: 0 }
	},
collisionselectionboxes: [
    {
        x1: 0, y1: 0, z1: 0, x2: 0.5, y2: 0.5, z2: 0.8125, 
        rotateYByType: {
            "*-north": 0,
            "*-east": 270,
            "*-west": 90,
            "*-south": 180,
        }
    }, 
    {
        x1: 0.5, y1: 0, z1: 0, x2: 1, y2: 0.5, z2: 0.8125, 
        rotateYByType: {
            "*-north": 0,
            "*-east": 270,
            "*-west": 90,
            "*-south": 180,
        }
    }, 
    {
        x1: 0, y1: 0.5, z1: 0, x2: 0.5, y2: 1, z2: 0.8125,
        rotateYByType: {
            "*-north": 0,
            "*-east": 270,
            "*-west": 90,
            "*-south": 180,
        }
    },
    {
        x1: 0.5, y1: 0.5, z1: 0, x2: 1, y2: 1, z2: 0.8125,
        rotateYByType: {
            "*-north": 0,
            "*-east": 270,
            "*-west": 90,
            "*-south": 180,
        }
    }
    ],
}