{
	code: "woodtable",
	variantgroups: [
		{ code: "material", states: ["acacia", "aged", "baldcypress", "birch", "ebony", "kapok", "larch", "maple", "oak", "pine", "purpleheart", "redwood", "walnut"] },
		{ code:"side", loadFromProperties: "abstract/horizontalorientation" }

		 ],
	attributes: {
		"pieFormingSurface": true,
		"handbook": { groupBy: ["woodtable-*"] }
	},
	behaviors: [
		{ name: "CanAttach", properties: { sides: ["up"] } },
		{ name: "HorizontalOrientable"}
	],
	creativeinventory: { "general": ["woodtable-{material}-north"], "decorative": ["woodtable-{material}-north"], "decorbazaar": ["woodtable-{material}-north"] },
	
	heldTpIdleAnimation: "holdunderarm",
	shapeInventory: { base: "block/tables/woodtable", rotateY: 270 },
	shapeByType: {
		"*-north": { base: "block/tables/woodtable", rotateY: 0 },
		"*-east": { base: "block/tables/woodtable", rotateY: 270 },
		"*-west": { base: "block/tables/woodtable", rotateY: 90 },
		"*-south": { base: "block/tables/woodtable", rotateY: 180 },
	},
	texturesByType: {

		"*": { 
						"material": { base: "game:block/wood/planks/{material}1" }
		}
	},
	blockmaterial: "Wood",
	drawtype: "json",
	replaceable: 900,
	resistance: 3,
	lightAbsorption: 0,
	emitSideAo: {all: false },
	sideAo: { all: false },
	faceCullMode: "NeverCull",
	sidesolid: { up: true, all: false },
	sideopaque: {
		all: false
	},
	sideao: { 
		all: false
	},
	drops: [
		{ type: "block", code: "woodtable-{material}-north" }],
	collisionBox: {
		x1: 0, y1: 0.8125, z1: 0, x2: 1, y2: 1, z2: 1,
		rotateYByType: {
			"*-east": 270,
			"*-west": 90,
			"*-south": 180
		}
		
	},
	selectionBox: {
		x1: 0, y1: 0.8125, z1: 0, x2: 1, y2: 1, z2: 1,
		rotateYByType: {
			"*-east": 270,
			"*-west": 90,
			"*-south": 180
		}
	},
	combustibleProps: {
		burnTemperature: 600,
		burnDuration: 35,
	},
	sounds: {
		"place": "game:block/planks",
		"hit": "game:block/planks",
		"break": "game:block/planks",
		"walk": "game:walk/wood"
	},
	materialDensity: 600,
		guiTransform: {
		rotation: { x: -22.6, y: 135, z: 0 },
		origin: { x: 0.5, y: 0.5, z: 0.97 },
		scale: 0.95
	},	
		tpHandTransform: {
		translation: { x: -0.3, y: -0.5, z: -0.8 },
		rotation: { x: 0, y: 90, z: -102 },
		scale: 0.56
	}
}