{
	"textureWidth": 32,
	"textureHeight": 32,
	"textureSizes": {
		"0": [32, 32],
		"1": [32, 32],
		"2": [32, 32]
	},
	"textures": {
		"0": "block/bazaar/ceramic/other/flintbrassdecal",
		"1": "game:block/clay/flintporcelain/fired",
		"2": "game:block/metal/ingot/brass"
	},
	"elements": [
		{
			"name": "cube",
			"from": [4, 0, 4],
			"to": [12, 1, 12],
			"rotationOrigin": [0, 0, 0],
			"faces": {
				"north": {
					"texture": "#1",
					"uv": [0, 0, 12, 2],
					"autoUv": false
				},
				"east": {
					"texture": "#1",
					"uv": [0, 0, 12, 2],
					"autoUv": false
				},
				"south": {
					"texture": "#1",
					"uv": [0, 0, 12, 2],
					"autoUv": false
				},
				"west": {
					"texture": "#1",
					"uv": [0, 0, 12, 2],
					"autoUv": false
				},
				"up": {
					"texture": "#1",
					"uv": [0, 0, 12, 12],
					"autoUv": false
				},
				"down": {
					"texture": "#1",
					"uv": [0, 0, 12, 12],
					"autoUv": false
				}
			},
			"parent": null,
			"rotationX": 0,
			"rotationY": 0,
			"rotationZ": 0
		},
		{
			"name": "cube",
			"from": [7, 3, 7],
			"to": [9, 13, 9],
			"rotationOrigin": [0, 0, 0],
			"faces": {
				"north": {
					"texture": "#2",
					"uv": [0, 0, 4, 21],
					"autoUv": false
				},
				"east": {
					"texture": "#2",
					"uv": [0, 0, 4, 21],
					"autoUv": false
				},
				"south": {
					"texture": "#2",
					"uv": [0, 0, 4, 21],
					"autoUv": false
				},
				"west": {
					"texture": "#2",
					"uv": [0, 0, 4, 21],
					"autoUv": false
				},
				"up": {
					"texture": "#2",
					"uv": [0, 0, 2, 2],
					"autoUv": false
				},
				"down": {
					"texture": "#2",
					"uv": [0, 0, 2, 2],
					"autoUv": false
				}
			},
			"parent": null,
			"rotationX": 0,
			"rotationY": 0,
			"rotationZ": 0
		},
		{
			"name": "cube",
			"from": [6, 1, 6],
			"to": [10, 3, 10],
			"rotationOrigin": [0, 0, 0],
			"faces": {
				"north": {
					"texture": "#2",
					"uv": [0, 0, 6, 4],
					"autoUv": false
				},
				"east": {
					"texture": "#2",
					"uv": [0, 0, 6, 4],
					"autoUv": false
				},
				"south": {
					"texture": "#2",
					"uv": [0, 0, 6, 4],
					"autoUv": false
				},
				"west": {
					"texture": "#2",
					"uv": [0, 0, 6, 4],
					"autoUv": false
				},
				"up": {
					"texture": "#2",
					"uv": [0, 0, 6, 6],
					"autoUv": false
				},
				"down": {
					"texture": "#2",
					"uv": [0, 0, 6, 6],
					"autoUv": false
				}
			},
			"parent": null,
			"rotationX": 0,
			"rotationY": 0,
			"rotationZ": 0
		},
		{
			"name": "cube",
			"from": [6, 13, 6],
			"to": [10, 14, 10],
			"rotationOrigin": [0, 0, 0],
			"faces": {
				"north": {
					"texture": "#2",
					"uv": [0, 0, 6, 2],
					"autoUv": false
				},
				"east": {
					"texture": "#2",
					"uv": [0, 0, 6, 2],
					"autoUv": false
				},
				"south": {
					"texture": "#2",
					"uv": [0, 0, 6, 2],
					"autoUv": false
				},
				"west": {
					"texture": "#2",
					"uv": [0, 0, 6, 2],
					"autoUv": false
				},
				"up": {
					"texture": "#2",
					"uv": [0, 0, 6, 6],
					"autoUv": false
				},
				"down": {
					"texture": "#2",
					"uv": [0, 0, 6, 6],
					"autoUv": false
				}
			},
			"parent": null,
			"rotationX": 0,
			"rotationY": 0,
			"rotationZ": 0
		},
		{
			"name": "cube",
			"from": [3, 14, 3],
			"to": [13, 15, 13],
			"rotationOrigin": [0, 0, 0],
			"faces": {
				"north": {
					"texture": "#1",
					"uv": [0, 0, 16, 2],
					"autoUv": false
				},
				"east": {
					"texture": "#1",
					"uv": [0, 0, 16, 2],
					"autoUv": false
				},
				"south": {
					"texture": "#1",
					"uv": [0, 0, 16, 2],
					"autoUv": false
				},
				"west": {
					"texture": "#1",
					"uv": [0, 0, 16, 2],
					"autoUv": false
				},
				"up": {
					"texture": "#1",
					"uv": [0, 0, 16, 16],
					"autoUv": false
				},
				"down": {
					"texture": "#1",
					"uv": [0, 0, 16, 16],
					"autoUv": false
				}
			},
			"parent": null,
			"rotationX": 0,
			"rotationY": 0,
			"rotationZ": 0
		},
		{
			"name": "cube",
			"from": [2, 15, 2],
			"to": [14, 16, 14],
			"rotationOrigin": [0, 0, 0],
			"faces": {
				"north": {
					"texture": "#1",
					"uv": [0, 0, 17, 2],
					"autoUv": false
				},
				"east": {
					"texture": "#1",
					"uv": [0, 0, 17, 2],
					"autoUv": false
				},
				"south": {
					"texture": "#1",
					"uv": [0, 0, 17, 2],
					"autoUv": false
				},
				"west": {
					"texture": "#1",
					"uv": [0, 0, 17, 2],
					"autoUv": false
				},
				"up": {
					"texture": "#1",
					"uv": [0, 0, 17, 17],
					"autoUv": false
				},
				"down": {
					"texture": "#1",
					"uv": [0, 0, 17, 17],
					"autoUv": false
				}
			},
			"parent": null,
			"rotationX": 0,
			"rotationY": 0,
			"rotationZ": 0
		},
		{
			"name": "cube",
			"from": [2, 16, 13],
			"to": [14, 19, 14],
			"rotationOrigin": [0, 0, 0],
			"faces": {
				"north": {
					"texture": "#1",
					"uv": [0, 0, 12, 3],
					"autoUv": false
				},
				"east": {
					"texture": "#1",
					"uv": [0, 0, 2, 7],
					"autoUv": false
				},
				"south": {
					"texture": "#0",
					"uv": [0, 13, 7, 30],
					"autoUv": false,
					"rotation": 90
				},
				"west": {
					"texture": "#1",
					"uv": [0, 0, 2, 7],
					"autoUv": false
				},
				"up": {
					"texture": "#1",
					"uv": [0, 0, 12, 1],
					"autoUv": false
				},
				"down": {
					"texture": "#1",
					"uv": [0, 0, 12, 1],
					"autoUv": false
				}
			},
			"parent": null,
			"rotationX": 0,
			"rotationY": 0,
			"rotationZ": 0
		},
		{
			"name": "cube",
			"from": [2, 16, 2],
			"to": [14, 21, 4],
			"rotationOrigin": [0, 0, 0],
			"faces": {
				"north": {
					"texture": "#1",
					"uv": [0, 10, 17, 19],
					"autoUv": false
				},
				"east": {
					"texture": "#1",
					"uv": [0, 0, 3, 9],
					"autoUv": false
				},
				"south": {
					"texture": "#1",
					"uv": [0, 10, 17, 19],
					"autoUv": false
				},
				"west": {
					"texture": "#1",
					"uv": [0, 0, 3, 9],
					"autoUv": false
				},
				"up": {
					"texture": "#1",
					"uv": [0, 0, 17, 3],
					"autoUv": false
				},
				"down": {
					"texture": "#1",
					"uv": [0, 0, 17, 3],
					"autoUv": false
				}
			},
			"parent": null,
			"rotationX": 0,
			"rotationY": 0,
			"rotationZ": 0
		},
		{
			"name": "cube",
			"from": [7.5, 21, 2],
			"to": [8.5, 25, 3],
			"rotationOrigin": [0, 0, 0],
			"faces": {
				"north": {
					"texture": "#2",
					"uv": [0, 0, 2, 7],
					"autoUv": false
				},
				"east": {
					"texture": "#2",
					"uv": [0, 0, 2, 7],
					"autoUv": false
				},
				"south": {
					"texture": "#2",
					"uv": [0, 0, 2, 7],
					"autoUv": false
				},
				"west": {
					"texture": "#2",
					"uv": [0, 0, 2, 7],
					"autoUv": false
				},
				"up": {
					"texture": "#2",
					"uv": [0, 0, 2, 2],
					"autoUv": false
				},
				"down": {
					"texture": "#2",
					"uv": [0, 0, 2, 2],
					"autoUv": false
				}
			},
			"parent": null,
			"rotationX": 0,
			"rotationY": 0,
			"rotationZ": 0
		},
		{
			"name": "cube",
			"from": [7.5, 25, 2],
			"to": [8.5, 26, 7],
			"rotationOrigin": [0, 0, 0],
			"faces": {
				"north": {
					"texture": "#2",
					"uv": [0, 0, 2, 2],
					"autoUv": false
				},
				"east": {
					"texture": "#2",
					"uv": [0, 0, 10, 2],
					"autoUv": false
				},
				"south": {
					"texture": "#2",
					"uv": [0, 0, 2, 2],
					"autoUv": false
				},
				"west": {
					"texture": "#2",
					"uv": [0, 0, 10, 2],
					"autoUv": false
				},
				"up": {
					"texture": "#2",
					"uv": [0, 0, 2, 10],
					"autoUv": false
				},
				"down": {
					"texture": "#2",
					"uv": [0, 0, 2, 10],
					"autoUv": false
				}
			},
			"parent": null,
			"rotationX": 0,
			"rotationY": 0,
			"rotationZ": 0
		},
		{
			"name": "cube",
			"from": [7.5, 24, 6],
			"to": [8.5, 25, 7],
			"rotationOrigin": [0, 0, 0],
			"faces": {
				"north": {
					"texture": "#2",
					"uv": [0, 0, 2, 2],
					"autoUv": false
				},
				"east": {
					"texture": "#2",
					"uv": [0, 0, 2, 2],
					"autoUv": false
				},
				"south": {
					"texture": "#2",
					"uv": [0, 0, 2, 2],
					"autoUv": false
				},
				"west": {
					"texture": "#2",
					"uv": [0, 0, 2, 2],
					"autoUv": false
				},
				"up": {
					"texture": "#2",
					"uv": [0, 0, 2, 2],
					"autoUv": false
				},
				"down": {
					"texture": "#2",
					"uv": [0, 0, 2, 2],
					"autoUv": false
				}
			},
			"parent": null,
			"rotationX": 0,
			"rotationY": 0,
			"rotationZ": 0
		},
		{
			"name": "cube",
			"from": [10.5, 21, 2.5],
			"to": [11.5, 22, 3.5],
			"rotationOrigin": [0, 0, 0],
			"faces": {
				"north": {
					"texture": "#2",
					"uv": [0, 0, 2, 2],
					"autoUv": false
				},
				"east": {
					"texture": "#2",
					"uv": [0, 0, 2, 2],
					"autoUv": false
				},
				"south": {
					"texture": "#2",
					"uv": [0, 0, 2, 2],
					"autoUv": false
				},
				"west": {
					"texture": "#2",
					"uv": [0, 0, 2, 2],
					"autoUv": false
				},
				"up": {
					"texture": "#2",
					"uv": [0, 0, 2, 2],
					"autoUv": false
				},
				"down": {
					"texture": "#2",
					"uv": [0, 0, 2, 2],
					"autoUv": false
				}
			},
			"parent": null,
			"rotationX": 0,
			"rotationY": 0,
			"rotationZ": 0
		},
		{
			"name": "cube",
			"from": [9.5, 22, 2.5],
			"to": [12.5, 23, 3.5],
			"rotationOrigin": [0, 0, 0],
			"faces": {
				"north": {
					"texture": "#2",
					"uv": [0, 0, 5, 2],
					"autoUv": false
				},
				"east": {
					"texture": "#2",
					"uv": [0, 0, 2, 2],
					"autoUv": false
				},
				"south": {
					"texture": "#2",
					"uv": [0, 0, 5, 2],
					"autoUv": false
				},
				"west": {
					"texture": "#2",
					"uv": [0, 0, 2, 2],
					"autoUv": false
				},
				"up": {
					"texture": "#2",
					"uv": [0, 0, 5, 2],
					"autoUv": false
				},
				"down": {
					"texture": "#2",
					"uv": [0, 0, 5, 2],
					"autoUv": false
				}
			},
			"parent": null,
			"rotationX": 0,
			"rotationY": 0,
			"rotationZ": 0
		},
		{
			"name": "cube",
			"from": [3.5, 22, 2.5],
			"to": [6.5, 23, 3.5],
			"rotationOrigin": [0, 0, 0],
			"faces": {
				"north": {
					"texture": "#2",
					"uv": [0, 0, 5, 2],
					"autoUv": false
				},
				"east": {
					"texture": "#2",
					"uv": [0, 0, 2, 2],
					"autoUv": false
				},
				"south": {
					"texture": "#2",
					"uv": [0, 0, 5, 2],
					"autoUv": false
				},
				"west": {
					"texture": "#2",
					"uv": [0, 0, 2, 2],
					"autoUv": false
				},
				"up": {
					"texture": "#2",
					"uv": [0, 0, 5, 2],
					"autoUv": false
				},
				"down": {
					"texture": "#2",
					"uv": [0, 0, 5, 2],
					"autoUv": false
				}
			},
			"parent": null,
			"rotationX": 0,
			"rotationY": 0,
			"rotationZ": 0
		},
		{
			"name": "cube",
			"from": [4.5, 21, 2.5],
			"to": [5.5, 22, 3.5],
			"rotationOrigin": [0, 0, 0],
			"faces": {
				"north": {
					"texture": "#2",
					"uv": [0, 0, 2, 2],
					"autoUv": false
				},
				"east": {
					"texture": "#2",
					"uv": [0, 0, 2, 2],
					"autoUv": false
				},
				"south": {
					"texture": "#2",
					"uv": [0, 0, 2, 2],
					"autoUv": false
				},
				"west": {
					"texture": "#2",
					"uv": [0, 0, 2, 2],
					"autoUv": false
				},
				"up": {
					"texture": "#2",
					"uv": [0, 0, 2, 2],
					"autoUv": false
				},
				"down": {
					"texture": "#2",
					"uv": [0, 0, 2, 2],
					"autoUv": false
				}
			},
			"parent": null,
			"rotationX": 0,
			"rotationY": 0,
			"rotationZ": 0
		},
		{
			"name": "cube",
			"from": [13, 16, 4],
			"to": [14, 19, 13],
			"rotationOrigin": [0, 0, 0],
			"faces": {
				"north": {
					"texture": "#1",
					"uv": [0, 0, 1, 3],
					"autoUv": false
				},
				"east": {
					"texture": "#1",
					"uv": [0, 0, 17, 7],
					"autoUv": false
				},
				"south": {
					"texture": "#1",
					"uv": [0, 0, 1, 3],
					"autoUv": false
				},
				"west": {
					"texture": "#1",
					"uv": [0, 0, 17, 7],
					"autoUv": false
				},
				"up": {
					"texture": "#1",
					"uv": [0, 0, 2, 17],
					"autoUv": false
				},
				"down": {
					"texture": "#1",
					"uv": [0, 0, 2, 17],
					"autoUv": false
				}
			},
			"parent": null,
			"rotationX": 0,
			"rotationY": 0,
			"rotationZ": 0
		},
		{
			"name": "cube",
			"from": [2, 16, 4],
			"to": [3, 19, 13],
			"rotationOrigin": [0, 0, 0],
			"faces": {
				"north": {
					"texture": "#1",
					"uv": [0, 0, 1, 3],
					"autoUv": false
				},
				"east": {
					"texture": "#1",
					"uv": [0, 0, 17, 7],
					"autoUv": false
				},
				"south": {
					"texture": "#1",
					"uv": [0, 0, 1, 3],
					"autoUv": false
				},
				"west": {
					"texture": "#1",
					"uv": [0, 0, 17, 7],
					"autoUv": false
				},
				"up": {
					"texture": "#1",
					"uv": [0, 0, 2, 17],
					"autoUv": false
				},
				"down": {
					"texture": "#1",
					"uv": [0, 0, 2, 17],
					"autoUv": false
				}
			},
			"parent": null,
			"rotationX": 0,
			"rotationY": 0,
			"rotationZ": 0
		}
	],
	"animations": []
}