[
	{
		ingredientPattern: "W,C,F",
	   	ingredients: {
	   	"W": { type: "item", code: "game:metalnailsandstrips-*", quantity: 1 },
	   	"C": { type: "block", code: "game:metal-scraps", quantity: 1 },
	   	"F": { type: "item", code: "game:firewood", quantity: 4 },
	   	},
	   	width: 1,
	   	height: 3,
	   	output: { type: "block", code: "castironfireplace-north" }
	},
	{
		ingredientPattern: "_C_,WFW,_C_",
	   	ingredients: {
	   	"W": { type: "item", code: "game:metalnailsandstrips-*", quantity: 1 },
	   	"C": { type: "item", code: "game:metalplate-*", quantity: 1 },
	   	"F": { type: "item", code: "game:firewood", quantity: 4 },
	   	},
	   	width: 3,
	   	height: 3,
	   	output: { type: "block", code: "castironfireplace-north" }
	}
]	